Object,Sample,Anomaly_Score,MemoryBank_Time,Inference_Time
bottle,broken_large/000.png,0.36862,0.07943
bottle,broken_large/001.png,0.35252,0.07845
bottle,broken_large/002.png,0.38126,0.07709
bottle,broken_large/003.png,0.36281,0.07690
bottle,broken_large/004.png,0.36660,0.07778
bottle,broken_large/005.png,0.35968,0.07746
bottle,broken_large/006.png,0.35182,0.07823
bottle,broken_large/007.png,0.35653,0.07705
bottle,broken_large/008.png,0.35895,0.07716
bottle,broken_large/009.png,0.35757,0.07789
bottle,broken_large/010.png,0.36605,0.07798
bottle,broken_large/011.png,0.36642,0.07748
bottle,broken_large/012.png,0.35257,0.07746
bottle,broken_large/013.png,0.35267,0.07733
bottle,broken_large/014.png,0.41014,0.07800
bottle,broken_large/015.png,0.36595,0.07749
bottle,broken_large/016.png,0.36835,0.07737
bottle,broken_large/017.png,0.35210,0.07723
bottle,broken_large/018.png,0.36940,0.07740
bottle,broken_large/019.png,0.35969,0.07771
bottle,broken_small/000.png,0.34618,0.07669
bottle,broken_small/001.png,0.35877,0.07833
bottle,broken_small/002.png,0.36138,0.07803
bottle,broken_small/003.png,0.36659,0.07745
bottle,broken_small/004.png,0.37389,0.07756
bottle,broken_small/005.png,0.36454,0.09279
bottle,broken_small/006.png,0.34349,0.07736
bottle,broken_small/007.png,0.34092,0.07836
bottle,broken_small/008.png,0.36343,0.07829
bottle,broken_small/009.png,0.42339,0.07791
bottle,broken_small/010.png,0.36940,0.07789
bottle,broken_small/011.png,0.37415,0.07751
bottle,broken_small/012.png,0.35172,0.07791
bottle,broken_small/013.png,0.35244,0.07748
bottle,broken_small/014.png,0.32480,0.07768
bottle,broken_small/015.png,0.36978,0.07737
bottle,broken_small/016.png,0.40717,0.08331
bottle,broken_small/017.png,0.37214,0.07885
bottle,broken_small/018.png,0.40769,0.07802
bottle,broken_small/019.png,0.39879,0.07777
bottle,broken_small/020.png,0.38254,0.07730
bottle,broken_small/021.png,0.39367,0.07744
bottle,contamination/000.png,0.36100,0.07786
bottle,contamination/001.png,0.33000,0.07772
bottle,contamination/002.png,0.33313,0.07743
bottle,contamination/003.png,0.32987,0.07790
bottle,contamination/004.png,0.32626,0.07791
bottle,contamination/005.png,0.43707,0.07829
bottle,contamination/006.png,0.44789,0.07815
bottle,contamination/007.png,0.44689,0.07802
bottle,contamination/008.png,0.38172,0.07751
bottle,contamination/009.png,0.38191,0.07808
bottle,contamination/010.png,0.39163,0.07762
bottle,contamination/011.png,0.36749,0.07758
bottle,contamination/012.png,0.34806,0.07822
bottle,contamination/013.png,0.38000,0.07861
bottle,contamination/014.png,0.41537,0.07796
bottle,contamination/015.png,0.37585,0.07739
bottle,contamination/016.png,0.32110,0.07764
bottle,contamination/017.png,0.42041,0.07770
bottle,contamination/018.png,0.40780,0.07719
bottle,contamination/019.png,0.32153,0.07768
bottle,contamination/020.png,0.34966,0.07625
bottle,good/000.png,0.29463,0.08042
bottle,good/001.png,0.36516,0.07660
bottle,good/002.png,0.30397,0.07587
bottle,good/003.png,0.29151,0.07612
bottle,good/004.png,0.29014,0.07585
bottle,good/005.png,0.29103,0.07616
bottle,good/006.png,0.29838,0.07606
bottle,good/007.png,0.28421,0.07634
bottle,good/008.png,0.28601,0.07603
bottle,good/009.png,0.29528,0.07640
bottle,good/010.png,0.28487,0.07668
bottle,good/011.png,0.30298,0.07600
bottle,good/012.png,0.29207,0.07612
bottle,good/013.png,0.29634,0.07621
bottle,good/014.png,0.30770,0.07600
bottle,good/015.png,0.32733,0.07755
bottle,good/016.png,0.31305,0.07745
bottle,good/017.png,0.31435,0.07759
bottle,good/018.png,0.31115,0.07736
bottle,good/019.png,0.30343,0.08874
cable,bent_wire/000.png,0.35894,0.09907
cable,bent_wire/001.png,0.36507,0.09846
cable,bent_wire/002.png,0.37987,0.09638
cable,bent_wire/003.png,0.35740,0.09748
cable,bent_wire/004.png,0.41800,0.09821
cable,bent_wire/005.png,0.39106,0.10219
cable,bent_wire/006.png,0.37918,0.09818
cable,bent_wire/007.png,0.38918,0.09867
cable,bent_wire/008.png,0.34379,0.09758
cable,bent_wire/009.png,0.37870,0.09748
cable,bent_wire/010.png,0.39895,0.09558
cable,bent_wire/011.png,0.40000,0.09542
cable,bent_wire/012.png,0.37105,0.09734
cable,cable_swap/000.png,0.33154,0.09703
cable,cable_swap/001.png,0.33750,0.09832
cable,cable_swap/002.png,0.31662,0.09833
cable,cable_swap/003.png,0.30999,0.09833
cable,cable_swap/004.png,0.34163,0.09784
cable,cable_swap/005.png,0.30617,0.09741
cable,cable_swap/006.png,0.31520,0.09801
cable,cable_swap/007.png,0.33593,0.09861
cable,cable_swap/008.png,0.32085,0.09781
cable,cable_swap/009.png,0.35493,0.09832
cable,cable_swap/010.png,0.30294,0.09890
cable,cable_swap/011.png,0.32555,0.09813
cable,combined/000.png,0.37873,0.09880
cable,combined/001.png,0.38120,0.09815
cable,combined/002.png,0.35063,0.09722
cable,combined/003.png,0.36466,0.09734
cable,combined/004.png,0.33908,0.09784
cable,combined/005.png,0.35452,0.09781
cable,combined/006.png,0.36347,0.09656
cable,combined/007.png,0.35035,0.09675
cable,combined/008.png,0.38809,0.09747
cable,combined/009.png,0.39448,0.09636
cable,combined/010.png,0.35415,0.09517
cable,cut_inner_insulation/000.png,0.37440,0.09861
cable,cut_inner_insulation/001.png,0.35732,0.09812
cable,cut_inner_insulation/002.png,0.35877,0.09585
cable,cut_inner_insulation/003.png,0.33896,0.09876
cable,cut_inner_insulation/004.png,0.38237,0.09785
cable,cut_inner_insulation/005.png,0.33298,0.09842
cable,cut_inner_insulation/006.png,0.36821,0.09847
cable,cut_inner_insulation/007.png,0.35683,0.09956
cable,cut_inner_insulation/008.png,0.35888,0.09836
cable,cut_inner_insulation/009.png,0.34816,0.09806
cable,cut_inner_insulation/010.png,0.33216,0.09895
cable,cut_inner_insulation/011.png,0.35813,0.09890
cable,cut_inner_insulation/012.png,0.39542,0.09790
cable,cut_inner_insulation/013.png,0.35058,0.09919
cable,cut_outer_insulation/000.png,0.35731,0.09775
cable,cut_outer_insulation/001.png,0.36083,0.09810
cable,cut_outer_insulation/002.png,0.34874,0.12811
cable,cut_outer_insulation/003.png,0.35307,0.09946
cable,cut_outer_insulation/004.png,0.33354,0.09773
cable,cut_outer_insulation/005.png,0.36346,0.09774
cable,cut_outer_insulation/006.png,0.34105,0.09491
cable,cut_outer_insulation/007.png,0.35960,0.09716
cable,cut_outer_insulation/008.png,0.32783,0.09774
cable,cut_outer_insulation/009.png,0.35572,0.09749
cable,good/000.png,0.35038,0.09905
cable,good/001.png,0.30363,0.09816
cable,good/002.png,0.35281,0.09811
cable,good/003.png,0.30866,0.09636
cable,good/004.png,0.30840,0.09591
cable,good/005.png,0.33399,0.09730
cable,good/006.png,0.29084,0.09729
cable,good/007.png,0.31304,0.09698
cable,good/008.png,0.31986,0.09508
cable,good/009.png,0.33602,0.09879
cable,good/010.png,0.30404,0.09834
cable,good/011.png,0.33475,0.09700
cable,good/012.png,0.32733,0.09894
cable,good/013.png,0.31495,0.09790
cable,good/014.png,0.33212,0.09720
cable,good/015.png,0.32518,0.09719
cable,good/016.png,0.31234,0.09797
cable,good/017.png,0.29571,0.09651
cable,good/018.png,0.30169,0.09689
cable,good/019.png,0.32835,0.09817
cable,good/020.png,0.31209,0.09623
cable,good/021.png,0.32382,0.09727
cable,good/022.png,0.29926,0.09737
cable,good/023.png,0.28791,0.09350
cable,good/024.png,0.30396,0.09900
cable,good/025.png,0.29580,0.09593
cable,good/026.png,0.30377,0.09470
cable,good/027.png,0.29986,0.09795
cable,good/028.png,0.33585,0.09875
cable,good/029.png,0.31329,0.09775
cable,good/030.png,0.30325,0.09878
cable,good/031.png,0.30843,0.09992
cable,good/032.png,0.28721,0.09840
cable,good/033.png,0.30782,0.09769
cable,good/034.png,0.33444,0.09763
cable,good/035.png,0.31252,0.09631
cable,good/036.png,0.32982,0.09862
cable,good/037.png,0.32452,0.09739
cable,good/038.png,0.34066,0.09964
cable,good/039.png,0.34405,0.09688
cable,good/040.png,0.31623,0.09792
cable,good/041.png,0.32829,0.11722
cable,good/042.png,0.31669,0.18557
cable,good/043.png,0.34533,0.16775
cable,good/044.png,0.34013,0.11037
cable,good/045.png,0.32647,0.09748
cable,good/046.png,0.32329,0.09736
cable,good/047.png,0.33649,0.09726
cable,good/048.png,0.32676,0.09752
cable,good/049.png,0.32414,0.09945
cable,good/050.png,0.33093,0.10100
cable,good/051.png,0.33099,0.09934
cable,good/052.png,0.31863,0.09690
cable,good/053.png,0.33200,0.09782
cable,good/054.png,0.31805,0.09841
cable,good/055.png,0.34038,0.09872
cable,good/056.png,0.35899,0.09802
cable,good/057.png,0.32358,0.11056
cable,missing_cable/000.png,0.36635,0.09835
cable,missing_cable/001.png,0.33686,0.09962
cable,missing_cable/002.png,0.36542,0.09586
cable,missing_cable/003.png,0.33876,0.12089
cable,missing_cable/004.png,0.35559,0.10134
cable,missing_cable/005.png,0.35425,0.10081
cable,missing_cable/006.png,0.40566,0.09819
cable,missing_cable/007.png,0.39898,0.09691
cable,missing_cable/008.png,0.36702,0.10064
cable,missing_cable/009.png,0.38676,0.10084
cable,missing_cable/010.png,0.35967,0.10249
cable,missing_cable/011.png,0.36277,0.13235
cable,missing_wire/000.png,0.33272,0.09868
cable,missing_wire/001.png,0.35822,0.10204
cable,missing_wire/002.png,0.35200,0.10054
cable,missing_wire/003.png,0.34637,0.10210
cable,missing_wire/004.png,0.36808,0.09889
cable,missing_wire/005.png,0.34368,0.10555
cable,missing_wire/006.png,0.33505,0.10531
cable,missing_wire/007.png,0.33269,0.10089
cable,missing_wire/008.png,0.34322,0.09937
cable,missing_wire/009.png,0.35560,0.09868
cable,poke_insulation/000.png,0.34892,0.09799
cable,poke_insulation/001.png,0.38041,0.10082
cable,poke_insulation/002.png,0.36001,0.10230
cable,poke_insulation/003.png,0.40887,0.10108
cable,poke_insulation/004.png,0.36801,0.09826
cable,poke_insulation/005.png,0.33203,0.17710
cable,poke_insulation/006.png,0.40611,0.09826
cable,poke_insulation/007.png,0.41569,0.09820
cable,poke_insulation/008.png,0.38265,0.09834
cable,poke_insulation/009.png,0.37876,0.09540
capsule,crack/000.png,0.31398,0.09715
capsule,crack/001.png,0.42700,0.09715
capsule,crack/002.png,0.30166,0.09758
capsule,crack/003.png,0.34700,0.09710
capsule,crack/004.png,0.34700,0.09666
capsule,crack/005.png,0.31903,0.09668
capsule,crack/006.png,0.39812,0.09749
capsule,crack/007.png,0.36946,0.09661
capsule,crack/008.png,0.36711,0.09688
capsule,crack/009.png,0.32683,0.09632
capsule,crack/010.png,0.35509,0.09696
capsule,crack/011.png,0.37580,0.09679
capsule,crack/012.png,0.35946,0.09706
capsule,crack/013.png,0.34358,0.09645
capsule,crack/014.png,0.35150,0.09674
capsule,crack/015.png,0.40328,0.09693
capsule,crack/016.png,0.33403,0.09692
capsule,crack/017.png,0.35943,0.09726
capsule,crack/018.png,0.37852,0.09748
capsule,crack/019.png,0.37795,0.09726
capsule,crack/020.png,0.32023,0.09726
capsule,crack/021.png,0.32062,0.09723
capsule,crack/022.png,0.34481,0.09633
capsule,faulty_imprint/000.png,0.37757,0.09709
capsule,faulty_imprint/001.png,0.32806,0.09957
capsule,faulty_imprint/002.png,0.32207,0.09901
capsule,faulty_imprint/003.png,0.34085,0.09701
capsule,faulty_imprint/004.png,0.31518,0.09636
capsule,faulty_imprint/005.png,0.28426,0.09706
capsule,faulty_imprint/006.png,0.32181,0.09945
capsule,faulty_imprint/007.png,0.30918,0.09726
capsule,faulty_imprint/008.png,0.33791,0.09745
capsule,faulty_imprint/009.png,0.34467,0.09752
capsule,faulty_imprint/010.png,0.35170,0.09631
capsule,faulty_imprint/011.png,0.32944,0.09632
capsule,faulty_imprint/012.png,0.34747,0.09777
capsule,faulty_imprint/013.png,0.33796,0.09665
capsule,faulty_imprint/014.png,0.35929,0.09783
capsule,faulty_imprint/015.png,0.32562,0.09710
capsule,faulty_imprint/016.png,0.35569,0.09701
capsule,faulty_imprint/017.png,0.32671,0.09694
capsule,faulty_imprint/018.png,0.30568,0.09869
capsule,faulty_imprint/019.png,0.31416,0.09579
capsule,faulty_imprint/020.png,0.33243,0.09914
capsule,faulty_imprint/021.png,0.33591,0.09667
capsule,good/000.png,0.32839,0.09933
capsule,good/001.png,0.27708,0.09770
capsule,good/002.png,0.28083,0.09646
capsule,good/003.png,0.29582,0.09651
capsule,good/004.png,0.29289,0.09658
capsule,good/005.png,0.28113,0.09595
capsule,good/006.png,0.31492,0.09649
capsule,good/007.png,0.30396,0.09619
capsule,good/008.png,0.30116,0.09702
capsule,good/009.png,0.31228,0.09658
capsule,good/010.png,0.29828,0.09637
capsule,good/011.png,0.29696,0.09800
capsule,good/012.png,0.31832,0.09633
capsule,good/013.png,0.31749,0.09706
capsule,good/014.png,0.30456,0.09670
capsule,good/015.png,0.28142,0.09923
capsule,good/016.png,0.29084,0.09767
capsule,good/017.png,0.31537,0.09668
capsule,good/018.png,0.30621,0.09777
capsule,good/019.png,0.29518,0.09641
capsule,good/020.png,0.28901,0.09654
capsule,good/021.png,0.29394,0.09749
capsule,good/022.png,0.30480,0.09647
capsule,poke/000.png,0.45973,0.09852
capsule,poke/001.png,0.35180,0.09676
capsule,poke/002.png,0.34621,0.09640
capsule,poke/003.png,0.38131,0.09730
capsule,poke/004.png,0.38223,0.09687
capsule,poke/005.png,0.36523,0.09724
capsule,poke/006.png,0.36129,0.09714
capsule,poke/007.png,0.32728,0.09712
capsule,poke/008.png,0.41435,0.09726
capsule,poke/009.png,0.30073,0.09642
capsule,poke/010.png,0.35067,0.09635
capsule,poke/011.png,0.36591,0.09685
capsule,poke/012.png,0.35136,0.09655
capsule,poke/013.png,0.38150,0.09736
capsule,poke/014.png,0.34088,0.09759
capsule,poke/015.png,0.35801,0.09727
capsule,poke/016.png,0.33680,0.09674
capsule,poke/017.png,0.36747,0.09693
capsule,poke/018.png,0.35156,0.09679
capsule,poke/019.png,0.37182,0.09706
capsule,poke/020.png,0.38062,0.09702
capsule,scratch/000.png,0.34321,0.09810
capsule,scratch/001.png,0.34759,0.09698
capsule,scratch/002.png,0.37236,0.09619
capsule,scratch/003.png,0.35168,0.09698
capsule,scratch/004.png,0.36186,0.09652
capsule,scratch/005.png,0.31693,0.09762
capsule,scratch/006.png,0.34150,0.09714
capsule,scratch/007.png,0.35889,0.09694
capsule,scratch/008.png,0.36147,0.09838
capsule,scratch/009.png,0.35616,0.09695
capsule,scratch/010.png,0.37258,0.09648
capsule,scratch/011.png,0.36978,0.09621
capsule,scratch/012.png,0.35220,0.09616
capsule,scratch/013.png,0.34051,0.09643
capsule,scratch/014.png,0.39465,0.09687
capsule,scratch/015.png,0.36864,0.09734
capsule,scratch/016.png,0.37056,0.09679
capsule,scratch/017.png,0.31524,0.09965
capsule,scratch/018.png,0.36878,0.11180
capsule,scratch/019.png,0.37697,0.09680
capsule,scratch/020.png,0.36113,0.09627
capsule,scratch/021.png,0.33808,0.09643
capsule,scratch/022.png,0.38509,0.09701
capsule,squeeze/000.png,0.36453,0.09743
capsule,squeeze/001.png,0.34616,0.09740
capsule,squeeze/002.png,0.33426,0.09680
capsule,squeeze/003.png,0.30976,0.09652
capsule,squeeze/004.png,0.31413,0.09710
capsule,squeeze/005.png,0.33617,0.09632
capsule,squeeze/006.png,0.36192,0.09658
capsule,squeeze/007.png,0.36427,0.09634
capsule,squeeze/008.png,0.33442,0.09707
capsule,squeeze/009.png,0.32191,0.09695
capsule,squeeze/010.png,0.31107,0.09685
capsule,squeeze/011.png,0.35447,0.09602
capsule,squeeze/012.png,0.34628,0.09704
capsule,squeeze/013.png,0.32435,0.09846
capsule,squeeze/014.png,0.34541,0.09736
capsule,squeeze/015.png,0.33559,0.09719
capsule,squeeze/016.png,0.35358,0.09684
capsule,squeeze/017.png,0.32317,0.09715
capsule,squeeze/018.png,0.35022,0.09649
capsule,squeeze/019.png,0.31918,0.09662
carpet,color/000.png,0.35874,0.09779
carpet,color/001.png,0.33841,0.09726
carpet,color/002.png,0.31409,0.09794
carpet,color/003.png,0.32647,0.09863
carpet,color/004.png,0.30966,0.09776
carpet,color/005.png,0.33294,0.10041
carpet,color/006.png,0.34497,0.09939
carpet,color/007.png,0.33985,0.09755
carpet,color/008.png,0.38354,0.11600
carpet,color/009.png,0.34707,0.09751
carpet,color/010.png,0.33193,0.09753
carpet,color/011.png,0.32842,0.09771
carpet,color/012.png,0.35021,0.09788
carpet,color/013.png,0.31348,0.09978
carpet,color/014.png,0.37472,0.09846
carpet,color/015.png,0.36408,0.09808
carpet,color/016.png,0.33271,0.09665
carpet,color/017.png,0.34580,0.09631
carpet,color/018.png,0.32349,0.09656
carpet,cut/000.png,0.35743,0.09870
carpet,cut/001.png,0.34458,0.09984
carpet,cut/002.png,0.37897,0.09843
carpet,cut/003.png,0.40104,0.09787
carpet,cut/004.png,0.37647,0.09935
carpet,cut/005.png,0.36611,0.09792
carpet,cut/006.png,0.39371,0.09784
carpet,cut/007.png,0.32715,0.09743
carpet,cut/008.png,0.34573,0.09850
carpet,cut/009.png,0.37987,0.09697
carpet,cut/010.png,0.36268,0.09746
carpet,cut/011.png,0.38835,0.09785
carpet,cut/012.png,0.37189,0.09823
carpet,cut/013.png,0.37464,0.09800
carpet,cut/014.png,0.32376,0.09788
carpet,cut/015.png,0.39583,0.09837
carpet,cut/016.png,0.35280,0.09771
carpet,good/000.png,0.23991,0.09870
carpet,good/001.png,0.29181,0.09724
carpet,good/002.png,0.24836,0.09667
carpet,good/003.png,0.24378,0.09688
carpet,good/004.png,0.24199,0.09853
carpet,good/005.png,0.24282,0.09734
carpet,good/006.png,0.24460,0.09684
carpet,good/007.png,0.24504,0.09734
carpet,good/008.png,0.24889,0.09824
carpet,good/009.png,0.24431,0.09763
carpet,good/010.png,0.24633,0.09779
carpet,good/011.png,0.23833,0.09937
carpet,good/012.png,0.24863,0.09818
carpet,good/013.png,0.24608,0.09714
carpet,good/014.png,0.24717,0.09709
carpet,good/015.png,0.24221,0.09687
carpet,good/016.png,0.23925,0.09720
carpet,good/017.png,0.24440,0.09761
carpet,good/018.png,0.24396,0.09844
carpet,good/019.png,0.27182,0.09703
carpet,good/020.png,0.23591,0.09715
carpet,good/021.png,0.30481,0.09697
carpet,good/022.png,0.24164,0.09701
carpet,good/023.png,0.23337,0.09739
carpet,good/024.png,0.26902,0.09739
carpet,good/025.png,0.28854,0.09854
carpet,good/026.png,0.25596,0.09770
carpet,good/027.png,0.24412,0.09749
carpet,hole/000.png,0.34172,0.09876
carpet,hole/001.png,0.32925,0.09775
carpet,hole/002.png,0.38941,0.09803
carpet,hole/003.png,0.38450,0.09755
carpet,hole/004.png,0.36157,0.09858
carpet,hole/005.png,0.39424,0.09800
carpet,hole/006.png,0.39300,0.09772
carpet,hole/007.png,0.39307,0.09785
carpet,hole/008.png,0.44447,0.09785
carpet,hole/009.png,0.37346,0.10238
carpet,hole/010.png,0.35874,0.09875
carpet,hole/011.png,0.38300,0.09791
carpet,hole/012.png,0.37280,0.09851
carpet,hole/013.png,0.37028,0.09774
carpet,hole/014.png,0.37543,0.09831
carpet,hole/015.png,0.36715,0.09768
carpet,hole/016.png,0.35987,0.09724
carpet,metal_contamination/000.png,0.35251,0.09858
carpet,metal_contamination/001.png,0.38172,0.09819
carpet,metal_contamination/002.png,0.41621,0.09736
carpet,metal_contamination/003.png,0.36693,0.10486
carpet,metal_contamination/004.png,0.40044,0.09826
carpet,metal_contamination/005.png,0.40603,0.09687
carpet,metal_contamination/006.png,0.38562,0.09701
carpet,metal_contamination/007.png,0.42285,0.09743
carpet,metal_contamination/008.png,0.41107,0.09687
carpet,metal_contamination/009.png,0.39873,0.09746
carpet,metal_contamination/010.png,0.42738,0.09689
carpet,metal_contamination/011.png,0.39343,0.09716
carpet,metal_contamination/012.png,0.39056,0.09717
carpet,metal_contamination/013.png,0.36782,0.09728
carpet,metal_contamination/014.png,0.36820,0.09753
carpet,metal_contamination/015.png,0.39520,0.09747
carpet,metal_contamination/016.png,0.38989,0.09687
carpet,thread/000.png,0.40997,0.09748
carpet,thread/001.png,0.37007,0.09714
carpet,thread/002.png,0.39887,0.09737
carpet,thread/003.png,0.37469,0.09711
carpet,thread/004.png,0.40864,0.09765
carpet,thread/005.png,0.42659,0.09735
carpet,thread/006.png,0.43299,0.09648
carpet,thread/007.png,0.40840,0.09748
carpet,thread/008.png,0.42508,0.09615
carpet,thread/009.png,0.34288,0.09828
carpet,thread/010.png,0.42400,0.09768
carpet,thread/011.png,0.40612,0.09671
carpet,thread/012.png,0.38179,0.09802
carpet,thread/013.png,0.43955,0.09771
carpet,thread/014.png,0.33021,0.09789
carpet,thread/015.png,0.40248,0.09707
carpet,thread/016.png,0.42294,0.09746
carpet,thread/017.png,0.43969,0.09868
carpet,thread/018.png,0.32272,0.09795
grid,bent/000.png,0.37450,0.07236
grid,bent/001.png,0.34978,0.07226
grid,bent/002.png,0.35641,0.07251
grid,bent/003.png,0.36579,0.07356
grid,bent/004.png,0.35444,0.07336
grid,bent/005.png,0.35640,0.07281
grid,bent/006.png,0.33837,0.07298
grid,bent/007.png,0.34790,0.07189
grid,bent/008.png,0.35325,0.07212
grid,bent/009.png,0.35733,0.07206
grid,bent/010.png,0.36720,0.07201
grid,bent/011.png,0.38824,0.07218
grid,broken/000.png,0.39208,0.07238
grid,broken/001.png,0.40667,0.07199
grid,broken/002.png,0.37579,0.07149
grid,broken/003.png,0.38286,0.07453
grid,broken/004.png,0.38268,0.07274
grid,broken/005.png,0.37350,0.07328
grid,broken/006.png,0.38146,0.07263
grid,broken/007.png,0.37205,0.07258
grid,broken/008.png,0.35266,0.07304
grid,broken/009.png,0.38178,0.07309
grid,broken/010.png,0.39893,0.07209
grid,broken/011.png,0.37013,0.07166
grid,glue/000.png,0.36167,0.07244
grid,glue/001.png,0.33521,0.07313
grid,glue/002.png,0.36352,0.07348
grid,glue/003.png,0.34146,0.07153
grid,glue/004.png,0.40356,0.07383
grid,glue/005.png,0.37963,0.07232
grid,glue/006.png,0.33661,0.07404
grid,glue/007.png,0.33395,0.07358
grid,glue/008.png,0.28027,0.07345
grid,glue/009.png,0.35684,0.07402
grid,glue/010.png,0.35164,0.07399
grid,good/000.png,0.26025,0.07307
grid,good/001.png,0.25687,0.07385
grid,good/002.png,0.25714,0.07326
grid,good/003.png,0.26171,0.07314
grid,good/004.png,0.28429,0.07258
grid,good/005.png,0.26833,0.06979
grid,good/006.png,0.26586,0.07371
grid,good/007.png,0.28268,0.07241
grid,good/008.png,0.26452,0.07184
grid,good/009.png,0.28000,0.07194
grid,good/010.png,0.26552,0.07325
grid,good/011.png,0.27494,0.07381
grid,good/012.png,0.27217,0.07236
grid,good/013.png,0.26315,0.07434
grid,good/014.png,0.28597,0.07220
grid,good/015.png,0.28264,0.07333
grid,good/016.png,0.26213,0.08716
grid,good/017.png,0.26296,0.09409
grid,good/018.png,0.27422,0.07206
grid,good/019.png,0.27234,0.07501
grid,good/020.png,0.28847,0.07453
grid,metal_contamination/000.png,0.38919,0.07224
grid,metal_contamination/001.png,0.38154,0.07461
grid,metal_contamination/002.png,0.41082,0.07259
grid,metal_contamination/003.png,0.38978,0.07298
grid,metal_contamination/004.png,0.38935,0.07283
grid,metal_contamination/005.png,0.41763,0.07257
grid,metal_contamination/006.png,0.36902,0.07375
grid,metal_contamination/007.png,0.36373,0.07350
grid,metal_contamination/008.png,0.38384,0.07308
grid,metal_contamination/009.png,0.37527,0.07315
grid,metal_contamination/010.png,0.36965,0.07326
grid,thread/000.png,0.39609,0.09241
grid,thread/001.png,0.46219,0.07176
grid,thread/002.png,0.38534,0.07516
grid,thread/003.png,0.38431,0.09214
grid,thread/004.png,0.40278,0.07267
grid,thread/005.png,0.40201,0.07283
grid,thread/006.png,0.37145,0.07369
grid,thread/007.png,0.37870,0.07296
grid,thread/008.png,0.33308,0.07339
grid,thread/009.png,0.35811,0.08628
grid,thread/010.png,0.36862,0.07592
hazelnut,crack/000.png,0.40816,0.09689
hazelnut,crack/001.png,0.40272,0.09532
hazelnut,crack/002.png,0.40795,0.09572
hazelnut,crack/003.png,0.38640,0.09573
hazelnut,crack/004.png,0.38194,0.09617
hazelnut,crack/005.png,0.38737,0.09211
hazelnut,crack/006.png,0.37992,0.09458
hazelnut,crack/007.png,0.42598,0.09641
hazelnut,crack/008.png,0.43394,0.09580
hazelnut,crack/009.png,0.43292,0.09713
hazelnut,crack/010.png,0.39776,0.09733
hazelnut,crack/011.png,0.41640,0.09630
hazelnut,crack/012.png,0.38040,0.09546
hazelnut,crack/013.png,0.38597,0.09563
hazelnut,crack/014.png,0.39074,0.09604
hazelnut,crack/015.png,0.40368,0.09517
hazelnut,crack/016.png,0.37127,0.09724
hazelnut,crack/017.png,0.39766,0.09558
hazelnut,cut/000.png,0.37769,0.09336
hazelnut,cut/001.png,0.40395,0.09534
hazelnut,cut/002.png,0.38346,0.09559
hazelnut,cut/003.png,0.40611,0.09598
hazelnut,cut/004.png,0.38629,0.09533
hazelnut,cut/005.png,0.39365,0.09620
hazelnut,cut/006.png,0.39199,0.09587
hazelnut,cut/007.png,0.38008,0.09417
hazelnut,cut/008.png,0.38143,0.09538
hazelnut,cut/009.png,0.38797,0.09457
hazelnut,cut/010.png,0.37428,0.09589
hazelnut,cut/011.png,0.38597,0.09553
hazelnut,cut/012.png,0.37578,0.09613
hazelnut,cut/013.png,0.37947,0.09483
hazelnut,cut/014.png,0.38098,0.09443
hazelnut,cut/015.png,0.39554,0.09582
hazelnut,cut/016.png,0.38179,0.09543
hazelnut,good/000.png,0.35837,0.09496
hazelnut,good/001.png,0.34965,0.11554
hazelnut,good/002.png,0.37046,0.09585
hazelnut,good/003.png,0.34984,0.09537
hazelnut,good/004.png,0.34156,0.09539
hazelnut,good/005.png,0.37447,0.09521
hazelnut,good/006.png,0.35418,0.09601
hazelnut,good/007.png,0.36441,0.09548
hazelnut,good/008.png,0.33444,0.09582
hazelnut,good/009.png,0.36994,0.09529
hazelnut,good/010.png,0.35632,0.09407
hazelnut,good/011.png,0.38192,0.09586
hazelnut,good/012.png,0.35897,0.09592
hazelnut,good/013.png,0.36599,0.09521
hazelnut,good/014.png,0.37098,0.09590
hazelnut,good/015.png,0.36039,0.09473
hazelnut,good/016.png,0.33956,0.09496
hazelnut,good/017.png,0.32138,0.09319
hazelnut,good/018.png,0.36883,0.09576
hazelnut,good/019.png,0.33610,0.09370
hazelnut,good/020.png,0.37051,0.09622
hazelnut,good/021.png,0.35374,0.09553
hazelnut,good/022.png,0.35783,0.09537
hazelnut,good/023.png,0.34633,0.09499
hazelnut,good/024.png,0.34440,0.09593
hazelnut,good/025.png,0.35859,0.09551
hazelnut,good/026.png,0.34736,0.09559
hazelnut,good/027.png,0.34456,0.09614
hazelnut,good/028.png,0.36672,0.09525
hazelnut,good/029.png,0.35589,0.09518
hazelnut,good/030.png,0.35055,0.09564
hazelnut,good/031.png,0.33243,0.09319
hazelnut,good/032.png,0.35194,0.09600
hazelnut,good/033.png,0.33506,0.09391
hazelnut,good/034.png,0.35076,0.09486
hazelnut,good/035.png,0.32580,0.09641
hazelnut,good/036.png,0.36964,0.09698
hazelnut,good/037.png,0.37513,0.09523
hazelnut,good/038.png,0.34755,0.09607
hazelnut,good/039.png,0.33996,0.09405
hazelnut,hole/000.png,0.41882,0.09726
hazelnut,hole/001.png,0.37323,0.09433
hazelnut,hole/002.png,0.37948,0.09538
hazelnut,hole/003.png,0.39946,0.09465
hazelnut,hole/004.png,0.40617,0.09637
hazelnut,hole/005.png,0.40508,0.09598
hazelnut,hole/006.png,0.40227,0.09677
hazelnut,hole/007.png,0.37778,0.09486
hazelnut,hole/008.png,0.37348,0.09533
hazelnut,hole/009.png,0.38914,0.09549
hazelnut,hole/010.png,0.42213,0.09640
hazelnut,hole/011.png,0.38956,0.09811
hazelnut,hole/012.png,0.41809,0.09494
hazelnut,hole/013.png,0.40243,0.09625
hazelnut,hole/014.png,0.41295,0.09549
hazelnut,hole/015.png,0.39552,0.09486
hazelnut,hole/016.png,0.38918,0.09596
hazelnut,hole/017.png,0.40936,0.09489
hazelnut,print/000.png,0.41039,0.09580
hazelnut,print/001.png,0.40019,0.09586
hazelnut,print/002.png,0.41387,0.09595
hazelnut,print/003.png,0.37449,0.09628
hazelnut,print/004.png,0.39315,0.09607
hazelnut,print/005.png,0.40594,0.09560
hazelnut,print/006.png,0.41313,0.09602
hazelnut,print/007.png,0.39351,0.09559
hazelnut,print/008.png,0.42598,0.09526
hazelnut,print/009.png,0.39633,0.09581
hazelnut,print/010.png,0.41283,0.09664
hazelnut,print/011.png,0.40131,0.09605
hazelnut,print/012.png,0.39522,0.09376
hazelnut,print/013.png,0.37945,0.09646
hazelnut,print/014.png,0.39820,0.09530
hazelnut,print/015.png,0.35913,0.09598
hazelnut,print/016.png,0.39631,0.09447
leather,color/000.png,0.36470,0.09520
leather,color/001.png,0.39761,0.09074
leather,color/002.png,0.37060,0.09725
leather,color/003.png,0.39091,0.08890
leather,color/004.png,0.35776,0.08835
leather,color/005.png,0.35165,0.09501
leather,color/006.png,0.32787,0.09363
leather,color/007.png,0.40459,0.09608
leather,color/008.png,0.37588,0.09912
leather,color/009.png,0.40492,0.09376
leather,color/010.png,0.35534,0.09033
leather,color/011.png,0.39798,0.09232
leather,color/012.png,0.36026,0.09388
leather,color/013.png,0.39299,0.09164
leather,color/014.png,0.36816,0.09588
leather,color/015.png,0.39539,0.09338
leather,color/016.png,0.35758,0.09646
leather,color/017.png,0.37660,0.09551
leather,color/018.png,0.37463,0.09706
leather,cut/000.png,0.38783,0.08908
leather,cut/001.png,0.40150,0.08691
leather,cut/002.png,0.37980,0.08881
leather,cut/003.png,0.43563,0.08458
leather,cut/004.png,0.42643,0.08426
leather,cut/005.png,0.39016,0.09575
leather,cut/006.png,0.41319,0.09528
leather,cut/007.png,0.41651,0.09245
leather,cut/008.png,0.40305,0.09538
leather,cut/009.png,0.39077,0.09557
leather,cut/010.png,0.38896,0.09486
leather,cut/011.png,0.37798,0.09424
leather,cut/012.png,0.41175,0.08572
leather,cut/013.png,0.38345,0.09286
leather,cut/014.png,0.39775,0.09252
leather,cut/015.png,0.40463,0.09476
leather,cut/016.png,0.43707,0.09683
leather,cut/017.png,0.41998,0.09668
leather,cut/018.png,0.42576,0.09404
leather,fold/000.png,0.37978,0.09559
leather,fold/001.png,0.36999,0.08643
leather,fold/002.png,0.39137,0.09573
leather,fold/003.png,0.38894,0.09405
leather,fold/004.png,0.38033,0.09583
leather,fold/005.png,0.40063,0.08729
leather,fold/006.png,0.39177,0.09412
leather,fold/007.png,0.40794,0.09225
leather,fold/008.png,0.39184,0.09524
leather,fold/009.png,0.34858,0.09381
leather,fold/010.png,0.37174,0.09368
leather,fold/011.png,0.35287,0.09427
leather,fold/012.png,0.38897,0.09244
leather,fold/013.png,0.35698,0.09384
leather,fold/014.png,0.40919,0.09531
leather,fold/015.png,0.38822,0.08408
leather,fold/016.png,0.35188,0.09388
leather,glue/000.png,0.43373,0.09530
leather,glue/001.png,0.40953,0.09518
leather,glue/002.png,0.41864,0.09698
leather,glue/003.png,0.43667,0.09425
leather,glue/004.png,0.36322,0.08872
leather,glue/005.png,0.42559,0.09441
leather,glue/006.png,0.40743,0.08926
leather,glue/007.png,0.40517,0.08667
leather,glue/008.png,0.41588,0.09398
leather,glue/009.png,0.40041,0.09479
leather,glue/010.png,0.38368,0.09502
leather,glue/011.png,0.38631,0.09654
leather,glue/012.png,0.39391,0.09705
leather,glue/013.png,0.42734,0.09454
leather,glue/014.png,0.41478,0.09709
leather,glue/015.png,0.42536,0.09516
leather,glue/016.png,0.36572,0.09565
leather,glue/017.png,0.41979,0.09131
leather,glue/018.png,0.39556,0.09194
leather,good/000.png,0.24194,0.09123
leather,good/001.png,0.25282,0.09451
leather,good/002.png,0.24781,0.09140
leather,good/003.png,0.22980,0.09192
leather,good/004.png,0.24230,0.09301
leather,good/005.png,0.26981,0.09634
leather,good/006.png,0.23756,0.08898
leather,good/007.png,0.25555,0.09185
leather,good/008.png,0.23813,0.09359
leather,good/009.png,0.25720,0.09571
leather,good/010.png,0.25281,0.09075
leather,good/011.png,0.25810,0.08929
leather,good/012.png,0.24656,0.09373
leather,good/013.png,0.24390,0.09486
leather,good/014.png,0.28479,0.09264
leather,good/015.png,0.26386,0.09275
leather,good/016.png,0.29190,0.09648
leather,good/017.png,0.26897,0.09366
leather,good/018.png,0.25846,0.09588
leather,good/019.png,0.30464,0.09341
leather,good/020.png,0.25460,0.09300
leather,good/021.png,0.26820,0.09175
leather,good/022.png,0.26344,0.09096
leather,good/023.png,0.30032,0.08875
leather,good/024.png,0.27163,0.09426
leather,good/025.png,0.26318,0.09579
leather,good/026.png,0.25851,0.09311
leather,good/027.png,0.30177,0.08947
leather,good/028.png,0.26916,0.09404
leather,good/029.png,0.28329,0.09098
leather,good/030.png,0.26067,0.09375
leather,good/031.png,0.26861,0.08975
leather,poke/000.png,0.39485,0.09406
leather,poke/001.png,0.38397,0.09457
leather,poke/002.png,0.39375,0.09308
leather,poke/003.png,0.40451,0.09224
leather,poke/004.png,0.37915,0.09463
leather,poke/005.png,0.39100,0.09630
leather,poke/006.png,0.41646,0.09640
leather,poke/007.png,0.41281,0.09276
leather,poke/008.png,0.39765,0.09085
leather,poke/009.png,0.39716,0.09585
leather,poke/010.png,0.39018,0.09658
leather,poke/011.png,0.38596,0.09609
leather,poke/012.png,0.40686,0.09635
leather,poke/013.png,0.40077,0.09398
leather,poke/014.png,0.40283,0.09421
leather,poke/015.png,0.40597,0.09836
leather,poke/016.png,0.39167,0.09935
leather,poke/017.png,0.39123,0.09761
metal_nut,bent/000.png,0.35057,0.06937
metal_nut,bent/001.png,0.35047,0.06868
metal_nut,bent/002.png,0.35976,0.06829
metal_nut,bent/003.png,0.33597,0.06631
metal_nut,bent/004.png,0.31000,0.06583
metal_nut,bent/005.png,0.38805,0.06572
metal_nut,bent/006.png,0.30752,0.06477
metal_nut,bent/007.png,0.32306,0.06563
metal_nut,bent/008.png,0.36564,0.06506
metal_nut,bent/009.png,0.36898,0.06783
metal_nut,bent/010.png,0.40241,0.06502
metal_nut,bent/011.png,0.33196,0.06494
metal_nut,bent/012.png,0.37243,0.06472
metal_nut,bent/013.png,0.32433,0.06469
metal_nut,bent/014.png,0.32531,0.06510
metal_nut,bent/015.png,0.43514,0.06597
metal_nut,bent/016.png,0.36254,0.06584
metal_nut,bent/017.png,0.39805,0.06514
metal_nut,bent/018.png,0.35461,0.06533
metal_nut,bent/019.png,0.35018,0.06710
metal_nut,bent/020.png,0.36609,0.06587
metal_nut,bent/021.png,0.35883,0.06520
metal_nut,bent/022.png,0.32281,0.06479
metal_nut,bent/023.png,0.35845,0.06472
metal_nut,bent/024.png,0.36140,0.06434
metal_nut,color/000.png,0.36132,0.06574
metal_nut,color/001.png,0.39210,0.06556
metal_nut,color/002.png,0.37452,0.06562
metal_nut,color/003.png,0.40398,0.06615
metal_nut,color/004.png,0.37093,0.06605
metal_nut,color/005.png,0.30973,0.06505
metal_nut,color/006.png,0.39238,0.06578
metal_nut,color/007.png,0.36168,0.06589
metal_nut,color/008.png,0.41090,0.06604
metal_nut,color/009.png,0.42022,0.06624
metal_nut,color/010.png,0.34089,0.06591
metal_nut,color/011.png,0.39852,0.06530
metal_nut,color/012.png,0.33671,0.06514
metal_nut,color/013.png,0.38770,0.06636
metal_nut,color/014.png,0.40581,0.06585
metal_nut,color/015.png,0.32098,0.06607
metal_nut,color/016.png,0.31859,0.06554
metal_nut,color/017.png,0.34590,0.06621
metal_nut,color/018.png,0.34225,0.06509
metal_nut,color/019.png,0.34449,0.06512
metal_nut,color/020.png,0.33177,0.06463
metal_nut,color/021.png,0.41456,0.06616
metal_nut,flip/000.png,0.33499,0.06549
metal_nut,flip/001.png,0.33765,0.06432
metal_nut,flip/002.png,0.33412,0.06464
metal_nut,flip/003.png,0.34384,0.06503
metal_nut,flip/004.png,0.33685,0.06564
metal_nut,flip/005.png,0.33240,0.06548
metal_nut,flip/006.png,0.34477,0.06670
metal_nut,flip/007.png,0.33256,0.06582
metal_nut,flip/008.png,0.33673,0.06607
metal_nut,flip/009.png,0.34694,0.06646
metal_nut,flip/010.png,0.33599,0.06702
metal_nut,flip/011.png,0.34717,0.06654
metal_nut,flip/012.png,0.33716,0.06628
metal_nut,flip/013.png,0.34915,0.06504
metal_nut,flip/014.png,0.33362,0.06539
metal_nut,flip/015.png,0.34245,0.06507
metal_nut,flip/016.png,0.33973,0.06579
metal_nut,flip/017.png,0.35081,0.06431
metal_nut,flip/018.png,0.34175,0.06422
metal_nut,flip/019.png,0.33265,0.06453
metal_nut,flip/020.png,0.33796,0.06484
metal_nut,flip/021.png,0.33350,0.06475
metal_nut,flip/022.png,0.34892,0.06473
metal_nut,good/000.png,0.27373,0.06550
metal_nut,good/001.png,0.27625,0.06500
metal_nut,good/002.png,0.28004,0.06521
metal_nut,good/003.png,0.28585,0.06663
metal_nut,good/004.png,0.27943,0.06547
metal_nut,good/005.png,0.28399,0.06576
metal_nut,good/006.png,0.28588,0.06503
metal_nut,good/007.png,0.31386,0.06527
metal_nut,good/008.png,0.30816,0.06455
metal_nut,good/009.png,0.29267,0.06488
metal_nut,good/010.png,0.30301,0.06499
metal_nut,good/011.png,0.30592,0.06528
metal_nut,good/012.png,0.32016,0.06482
metal_nut,good/013.png,0.30958,0.06462
metal_nut,good/014.png,0.28792,0.06561
metal_nut,good/015.png,0.28664,0.06620
metal_nut,good/016.png,0.32048,0.06599
metal_nut,good/017.png,0.27724,0.06522
metal_nut,good/018.png,0.29988,0.06488
metal_nut,good/019.png,0.31243,0.06461
metal_nut,good/020.png,0.30032,0.06504
metal_nut,good/021.png,0.27636,0.07178
metal_nut,scratch/000.png,0.36823,0.06685
metal_nut,scratch/001.png,0.37866,0.06804
metal_nut,scratch/002.png,0.38362,0.07001
metal_nut,scratch/003.png,0.33470,0.06906
metal_nut,scratch/004.png,0.34010,0.06700
metal_nut,scratch/005.png,0.36240,0.08007
metal_nut,scratch/006.png,0.39105,0.06968
metal_nut,scratch/007.png,0.34664,0.06659
metal_nut,scratch/008.png,0.38747,0.06694
metal_nut,scratch/009.png,0.35072,0.07020
metal_nut,scratch/010.png,0.36080,0.06638
metal_nut,scratch/011.png,0.38464,0.06964
metal_nut,scratch/012.png,0.35595,0.07107
metal_nut,scratch/013.png,0.35311,0.06727
metal_nut,scratch/014.png,0.38150,0.06889
metal_nut,scratch/015.png,0.35870,0.07114
metal_nut,scratch/016.png,0.38574,0.06710
metal_nut,scratch/017.png,0.38222,0.06982
metal_nut,scratch/018.png,0.36328,0.07123
metal_nut,scratch/019.png,0.38982,0.06676
metal_nut,scratch/020.png,0.38234,0.06752
metal_nut,scratch/021.png,0.41801,0.09056
metal_nut,scratch/022.png,0.39659,0.06678
pill,color/000.png,0.29124,0.07629
pill,color/001.png,0.35803,0.09323
pill,color/002.png,0.35404,0.09511
pill,color/003.png,0.37394,0.07563
pill,color/004.png,0.35534,0.07605
pill,color/005.png,0.34310,0.07557
pill,color/006.png,0.35735,0.07675
pill,color/007.png,0.30861,0.07530
pill,color/008.png,0.34423,0.07576
pill,color/009.png,0.30541,0.07635
pill,color/010.png,0.33369,0.07626
pill,color/011.png,0.32226,0.08005
pill,color/012.png,0.32938,0.07868
pill,color/013.png,0.33367,0.07616
pill,color/014.png,0.31349,0.07694
pill,color/015.png,0.32418,0.10176
pill,color/016.png,0.37227,0.08073
pill,color/017.png,0.32104,0.07961
pill,color/018.png,0.32465,0.07784
pill,color/019.png,0.38026,0.07692
pill,color/020.png,0.34296,0.10673
pill,color/021.png,0.34161,0.07840
pill,color/022.png,0.37872,0.07869
pill,color/023.png,0.37334,0.07801
pill,color/024.png,0.33319,0.07629
pill,combined/000.png,0.39638,0.07666
pill,combined/001.png,0.40192,0.07719
pill,combined/002.png,0.39870,0.07633
pill,combined/003.png,0.36945,0.07636
pill,combined/004.png,0.39894,0.07636
pill,combined/005.png,0.37330,0.07633
pill,combined/006.png,0.38041,0.07689
pill,combined/007.png,0.37315,0.07635
pill,combined/008.png,0.37805,0.07646
pill,combined/009.png,0.41375,0.07775
pill,combined/010.png,0.36488,0.07650
pill,combined/011.png,0.37145,0.07708
pill,combined/012.png,0.37440,0.07602
pill,combined/013.png,0.39176,0.07648
pill,combined/014.png,0.38804,0.07646
pill,combined/015.png,0.40614,0.07674
pill,combined/016.png,0.41691,0.07733
pill,contamination/000.png,0.34869,0.07626
pill,contamination/001.png,0.39039,0.07683
pill,contamination/002.png,0.39029,0.07669
pill,contamination/003.png,0.39156,0.07688
pill,contamination/004.png,0.38190,0.07690
pill,contamination/005.png,0.38326,0.07704
pill,contamination/006.png,0.38240,0.07685
pill,contamination/007.png,0.41076,0.07730
pill,contamination/008.png,0.37991,0.07737
pill,contamination/009.png,0.33026,0.07674
pill,contamination/010.png,0.40035,0.07661
pill,contamination/011.png,0.39657,0.07675
pill,contamination/012.png,0.40479,0.07637
pill,contamination/013.png,0.36724,0.07666
pill,contamination/014.png,0.39843,0.07605
pill,contamination/015.png,0.36733,0.07647
pill,contamination/016.png,0.42178,0.07653
pill,contamination/017.png,0.40300,0.07704
pill,contamination/018.png,0.36700,0.07773
pill,contamination/019.png,0.38784,0.07653
pill,contamination/020.png,0.36553,0.07641
pill,crack/000.png,0.34845,0.07654
pill,crack/001.png,0.30414,0.07629
pill,crack/002.png,0.39556,0.07629
pill,crack/003.png,0.33893,0.07782
pill,crack/004.png,0.33759,0.07658
pill,crack/005.png,0.39244,0.07855
pill,crack/006.png,0.37058,0.07630
pill,crack/007.png,0.35099,0.07663
pill,crack/008.png,0.30767,0.07739
pill,crack/009.png,0.38901,0.07620
pill,crack/010.png,0.38434,0.07638
pill,crack/011.png,0.39282,0.07672
pill,crack/012.png,0.38694,0.07674
pill,crack/013.png,0.33762,0.07639
pill,crack/014.png,0.32785,0.07676
pill,crack/015.png,0.36321,0.07783
pill,crack/016.png,0.36042,0.07684
pill,crack/017.png,0.39716,0.07694
pill,crack/018.png,0.38746,0.07655
pill,crack/019.png,0.39317,0.07774
pill,crack/020.png,0.37305,0.10804
pill,crack/021.png,0.38203,0.07838
pill,crack/022.png,0.39043,0.07664
pill,crack/023.png,0.34983,0.07609
pill,crack/024.png,0.33354,0.07602
pill,crack/025.png,0.37910,0.07829
pill,faulty_imprint/000.png,0.32853,0.07613
pill,faulty_imprint/001.png,0.34107,0.07748
pill,faulty_imprint/002.png,0.36637,0.07659
pill,faulty_imprint/003.png,0.34155,0.07751
pill,faulty_imprint/004.png,0.35013,0.07680
pill,faulty_imprint/005.png,0.37850,0.07677
pill,faulty_imprint/006.png,0.37658,0.07675
pill,faulty_imprint/007.png,0.39965,0.07683
pill,faulty_imprint/008.png,0.37207,0.08133
pill,faulty_imprint/009.png,0.31498,0.07685
pill,faulty_imprint/010.png,0.35358,0.07685
pill,faulty_imprint/011.png,0.36419,0.07659
pill,faulty_imprint/012.png,0.35963,0.07654
pill,faulty_imprint/013.png,0.35495,0.07845
pill,faulty_imprint/014.png,0.36024,0.07742
pill,faulty_imprint/015.png,0.36384,0.07713
pill,faulty_imprint/016.png,0.36495,0.07663
pill,faulty_imprint/017.png,0.37358,0.07690
pill,faulty_imprint/018.png,0.41426,0.07692
pill,good/000.png,0.30545,0.07688
pill,good/001.png,0.30482,0.07720
pill,good/002.png,0.31563,0.07604
pill,good/003.png,0.30494,0.07645
pill,good/004.png,0.33044,0.07628
pill,good/005.png,0.30278,0.07643
pill,good/006.png,0.30755,0.07674
pill,good/007.png,0.32258,0.07739
pill,good/008.png,0.29938,0.07728
pill,good/009.png,0.30286,0.07677
pill,good/010.png,0.29788,0.07644
pill,good/011.png,0.30478,0.07651
pill,good/012.png,0.33317,0.07661
pill,good/013.png,0.30996,0.07633
pill,good/014.png,0.35578,0.07641
pill,good/015.png,0.31327,0.07558
pill,good/016.png,0.33443,0.07595
pill,good/017.png,0.29989,0.07592
pill,good/018.png,0.34310,0.07673
pill,good/019.png,0.29883,0.07619
pill,good/020.png,0.29913,0.07618
pill,good/021.png,0.31410,0.07645
pill,good/022.png,0.30572,0.07589
pill,good/023.png,0.34890,0.07629
pill,good/024.png,0.36345,0.07583
pill,good/025.png,0.30529,0.07650
pill,pill_type/000.png,0.32945,0.07767
pill,pill_type/001.png,0.32254,0.07778
pill,pill_type/002.png,0.34162,0.07718
pill,pill_type/003.png,0.36199,0.07706
pill,pill_type/004.png,0.33766,0.07830
pill,pill_type/005.png,0.32082,0.07751
pill,pill_type/006.png,0.33588,0.07766
pill,pill_type/007.png,0.32799,0.07642
pill,pill_type/008.png,0.37120,0.07650
pill,scratch/000.png,0.38709,0.07671
pill,scratch/001.png,0.36212,0.07695
pill,scratch/002.png,0.36490,0.07692
pill,scratch/003.png,0.34108,0.07684
pill,scratch/004.png,0.40525,0.07654
pill,scratch/005.png,0.32684,0.07668
pill,scratch/006.png,0.34896,0.07631
pill,scratch/007.png,0.35219,0.07679
pill,scratch/008.png,0.38664,0.07646
pill,scratch/009.png,0.39270,0.07721
pill,scratch/010.png,0.35612,0.07700
pill,scratch/011.png,0.32001,0.07686
pill,scratch/012.png,0.40577,0.08002
pill,scratch/013.png,0.40142,0.07737
pill,scratch/014.png,0.40088,0.07709
pill,scratch/015.png,0.40587,0.07740
pill,scratch/016.png,0.35404,0.07685
pill,scratch/017.png,0.39226,0.07704
pill,scratch/018.png,0.41653,0.07734
pill,scratch/019.png,0.33617,0.07694
pill,scratch/020.png,0.39405,0.07733
pill,scratch/021.png,0.42209,0.07721
pill,scratch/022.png,0.33225,0.07685
pill,scratch/023.png,0.37893,0.07759
screw,good/000.png,0.31329,0.07260
screw,good/001.png,0.34131,0.07225
screw,good/002.png,0.34453,0.07218
screw,good/003.png,0.35135,0.07259
screw,good/004.png,0.35094,0.07335
screw,good/005.png,0.35014,0.07261
screw,good/006.png,0.33997,0.07250
screw,good/007.png,0.31469,0.07247
screw,good/008.png,0.30427,0.07290
screw,good/009.png,0.30858,0.07294
screw,good/010.png,0.28832,0.07286
screw,good/011.png,0.33864,0.07610
screw,good/012.png,0.35669,0.07224
screw,good/013.png,0.35155,0.07282
screw,good/014.png,0.34962,0.07337
screw,good/015.png,0.34176,0.07262
screw,good/016.png,0.33642,0.07282
screw,good/017.png,0.32629,0.07230
screw,good/018.png,0.28064,0.07272
screw,good/019.png,0.29490,0.07261
screw,good/020.png,0.34753,0.08071
screw,good/021.png,0.35432,0.07198
screw,good/022.png,0.35317,0.07328
screw,good/023.png,0.36282,0.07280
screw,good/024.png,0.34012,0.07206
screw,good/025.png,0.32215,0.07197
screw,good/026.png,0.29198,0.07232
screw,good/027.png,0.32573,0.07398
screw,good/028.png,0.34815,0.07260
screw,good/029.png,0.35320,0.07340
screw,good/030.png,0.34782,0.07274
screw,good/031.png,0.28480,0.07367
screw,good/032.png,0.33759,0.07241
screw,good/033.png,0.31820,0.07302
screw,good/034.png,0.34150,0.07224
screw,good/035.png,0.35142,0.07250
screw,good/036.png,0.34414,0.07209
screw,good/037.png,0.32936,0.07179
screw,good/038.png,0.30894,0.07240
screw,good/039.png,0.28310,0.07358
screw,good/040.png,0.30578,0.07266
screw,manipulated_front/000.png,0.30165,0.07405
screw,manipulated_front/001.png,0.33024,0.07238
screw,manipulated_front/002.png,0.28800,0.07307
screw,manipulated_front/003.png,0.36425,0.07310
screw,manipulated_front/004.png,0.36724,0.07342
screw,manipulated_front/005.png,0.33729,0.07256
screw,manipulated_front/006.png,0.32117,0.07262
screw,manipulated_front/007.png,0.34706,0.07226
screw,manipulated_front/008.png,0.36280,0.07288
screw,manipulated_front/009.png,0.33008,0.07196
screw,manipulated_front/010.png,0.29173,0.07300
screw,manipulated_front/011.png,0.35208,0.07248
screw,manipulated_front/012.png,0.28720,0.07320
screw,manipulated_front/013.png,0.32202,0.07237
screw,manipulated_front/014.png,0.35032,0.07293
screw,manipulated_front/015.png,0.35593,0.07278
screw,manipulated_front/016.png,0.32919,0.07313
screw,manipulated_front/017.png,0.34245,0.07339
screw,manipulated_front/018.png,0.34677,0.07338
screw,manipulated_front/019.png,0.34587,0.07212
screw,manipulated_front/020.png,0.29715,0.07221
screw,manipulated_front/021.png,0.34653,0.07366
screw,manipulated_front/022.png,0.34459,0.07301
screw,manipulated_front/023.png,0.32543,0.07260
screw,scratch_head/000.png,0.31846,0.07304
screw,scratch_head/001.png,0.35649,0.07383
screw,scratch_head/002.png,0.32650,0.07231
screw,scratch_head/003.png,0.33606,0.07318
screw,scratch_head/004.png,0.32213,0.07224
screw,scratch_head/005.png,0.37356,0.07360
screw,scratch_head/006.png,0.36539,0.07229
screw,scratch_head/007.png,0.36216,0.07204
screw,scratch_head/008.png,0.34804,0.07224
screw,scratch_head/009.png,0.31056,0.07335
screw,scratch_head/010.png,0.33068,0.07237
screw,scratch_head/011.png,0.36095,0.07243
screw,scratch_head/012.png,0.31909,0.07207
screw,scratch_head/013.png,0.36607,0.07272
screw,scratch_head/014.png,0.34802,0.07210
screw,scratch_head/015.png,0.33694,0.07338
screw,scratch_head/016.png,0.34987,0.07274
screw,scratch_head/017.png,0.32368,0.07307
screw,scratch_head/018.png,0.35147,0.07457
screw,scratch_head/019.png,0.36183,0.07246
screw,scratch_head/020.png,0.35454,0.07227
screw,scratch_head/021.png,0.35055,0.07224
screw,scratch_head/022.png,0.36750,0.07269
screw,scratch_head/023.png,0.36116,0.07262
screw,scratch_neck/000.png,0.35107,0.07269
screw,scratch_neck/001.png,0.36642,0.07310
screw,scratch_neck/002.png,0.34397,0.07251
screw,scratch_neck/003.png,0.32705,0.07312
screw,scratch_neck/004.png,0.37326,0.07235
screw,scratch_neck/005.png,0.33340,0.07263
screw,scratch_neck/006.png,0.37352,0.07325
screw,scratch_neck/007.png,0.35982,0.07283
screw,scratch_neck/008.png,0.38401,0.07390
screw,scratch_neck/009.png,0.36649,0.07304
screw,scratch_neck/010.png,0.34722,0.07320
screw,scratch_neck/011.png,0.35327,0.07271
screw,scratch_neck/012.png,0.35604,0.07228
screw,scratch_neck/013.png,0.37279,0.07211
screw,scratch_neck/014.png,0.36139,0.07560
screw,scratch_neck/015.png,0.38749,0.07329
screw,scratch_neck/016.png,0.36943,0.07311
screw,scratch_neck/017.png,0.34455,0.07286
screw,scratch_neck/018.png,0.36646,0.07287
screw,scratch_neck/019.png,0.39629,0.07371
screw,scratch_neck/020.png,0.37131,0.07237
screw,scratch_neck/021.png,0.36389,0.07214
screw,scratch_neck/022.png,0.35622,0.07256
screw,scratch_neck/023.png,0.33136,0.07215
screw,scratch_neck/024.png,0.36769,0.07227
screw,thread_side/000.png,0.35228,0.07347
screw,thread_side/001.png,0.36724,0.07230
screw,thread_side/002.png,0.31756,0.07262
screw,thread_side/003.png,0.35035,0.07235
screw,thread_side/004.png,0.35098,0.07240
screw,thread_side/005.png,0.34285,0.07226
screw,thread_side/006.png,0.33959,0.07209
screw,thread_side/007.png,0.36668,0.07233
screw,thread_side/008.png,0.34401,0.07228
screw,thread_side/009.png,0.34874,0.07247
screw,thread_side/010.png,0.35233,0.07219
screw,thread_side/011.png,0.35230,0.07263
screw,thread_side/012.png,0.32671,0.07220
screw,thread_side/013.png,0.33871,0.07286
screw,thread_side/014.png,0.34672,0.07220
screw,thread_side/015.png,0.34575,0.07230
screw,thread_side/016.png,0.36144,0.07205
screw,thread_side/017.png,0.35445,0.07339
screw,thread_side/018.png,0.35188,0.07270
screw,thread_side/019.png,0.34567,0.07235
screw,thread_side/020.png,0.32403,0.07217
screw,thread_side/021.png,0.32830,0.07226
screw,thread_side/022.png,0.37397,0.07230
screw,thread_top/000.png,0.37942,0.07269
screw,thread_top/001.png,0.36508,0.07313
screw,thread_top/002.png,0.34730,0.07383
screw,thread_top/003.png,0.31299,0.07279
screw,thread_top/004.png,0.36913,0.07221
screw,thread_top/005.png,0.33754,0.07284
screw,thread_top/006.png,0.35158,0.07177
screw,thread_top/007.png,0.34864,0.07285
screw,thread_top/008.png,0.32689,0.07283
screw,thread_top/009.png,0.35426,0.07230
screw,thread_top/010.png,0.37269,0.07246
screw,thread_top/011.png,0.35148,0.07256
screw,thread_top/012.png,0.35369,0.07305
screw,thread_top/013.png,0.34400,0.07382
screw,thread_top/014.png,0.36149,0.07236
screw,thread_top/015.png,0.35328,0.07237
screw,thread_top/016.png,0.35864,0.07286
screw,thread_top/017.png,0.35364,0.07186
screw,thread_top/018.png,0.33875,0.07207
screw,thread_top/019.png,0.35556,0.07324
screw,thread_top/020.png,0.36594,0.07407
screw,thread_top/021.png,0.34877,0.07244
screw,thread_top/022.png,0.33520,0.07232
tile,crack/000.png,0.44034,0.08179
tile,crack/001.png,0.42565,0.08132
tile,crack/002.png,0.43956,0.08221
tile,crack/003.png,0.44844,0.08166
tile,crack/004.png,0.43182,0.08178
tile,crack/005.png,0.37058,0.08219
tile,crack/006.png,0.42490,0.08208
tile,crack/007.png,0.44414,0.08202
tile,crack/008.png,0.43231,0.08148
tile,crack/009.png,0.44405,0.08148
tile,crack/010.png,0.42472,0.08146
tile,crack/011.png,0.42892,0.08186
tile,crack/012.png,0.43337,0.08150
tile,crack/013.png,0.43235,0.08156
tile,crack/014.png,0.41984,0.08203
tile,crack/015.png,0.40546,0.08129
tile,crack/016.png,0.41177,0.08160
tile,glue_strip/000.png,0.42022,0.08204
tile,glue_strip/001.png,0.39206,0.08157
tile,glue_strip/002.png,0.39379,0.08159
tile,glue_strip/003.png,0.39552,0.08209
tile,glue_strip/004.png,0.42584,0.08209
tile,glue_strip/005.png,0.41181,0.08237
tile,glue_strip/006.png,0.40660,0.08262
tile,glue_strip/007.png,0.39461,0.08211
tile,glue_strip/008.png,0.40726,0.08183
tile,glue_strip/009.png,0.41003,0.08218
tile,glue_strip/010.png,0.37696,0.08429
tile,glue_strip/011.png,0.40084,0.08552
tile,glue_strip/012.png,0.40758,0.08225
tile,glue_strip/013.png,0.39274,0.08311
tile,glue_strip/014.png,0.41350,0.08173
tile,glue_strip/015.png,0.38032,0.08197
tile,glue_strip/016.png,0.41290,0.08166
tile,glue_strip/017.png,0.40813,0.08138
tile,good/000.png,0.29423,0.08253
tile,good/001.png,0.29434,0.08143
tile,good/002.png,0.27300,0.08144
tile,good/003.png,0.27142,0.08111
tile,good/004.png,0.27990,0.08137
tile,good/005.png,0.27180,0.08177
tile,good/006.png,0.29722,0.08258
tile,good/007.png,0.26665,0.08127
tile,good/008.png,0.27563,0.08110
tile,good/009.png,0.27713,0.08117
tile,good/010.png,0.29043,0.08156
tile,good/011.png,0.27888,0.08139
tile,good/012.png,0.27952,0.08094
tile,good/013.png,0.27752,0.08192
tile,good/014.png,0.27767,0.08184
tile,good/015.png,0.27816,0.08182
tile,good/016.png,0.29481,0.08166
tile,good/017.png,0.28228,0.08136
tile,good/018.png,0.28440,0.08128
tile,good/019.png,0.30946,0.08210
tile,good/020.png,0.30341,0.08207
tile,good/021.png,0.27435,0.08144
tile,good/022.png,0.27292,0.08158
tile,good/023.png,0.28012,0.08157
tile,good/024.png,0.27249,0.08133
tile,good/025.png,0.29549,0.08178
tile,good/026.png,0.28206,0.08151
tile,good/027.png,0.27813,0.08110
tile,good/028.png,0.26807,0.08107
tile,good/029.png,0.27347,0.08167
tile,good/030.png,0.27184,0.08154
tile,good/031.png,0.27160,0.08155
tile,good/032.png,0.28292,0.08148
tile,gray_stroke/000.png,0.31598,0.08144
tile,gray_stroke/001.png,0.33920,0.08130
tile,gray_stroke/002.png,0.29888,0.08180
tile,gray_stroke/003.png,0.31773,0.08141
tile,gray_stroke/004.png,0.31780,0.08165
tile,gray_stroke/005.png,0.32082,0.08169
tile,gray_stroke/006.png,0.30833,0.08144
tile,gray_stroke/007.png,0.34097,0.08149
tile,gray_stroke/008.png,0.32433,0.08166
tile,gray_stroke/009.png,0.31369,0.08162
tile,gray_stroke/010.png,0.32337,0.08194
tile,gray_stroke/011.png,0.33083,0.08182
tile,gray_stroke/012.png,0.30654,0.08198
tile,gray_stroke/013.png,0.31363,0.08197
tile,gray_stroke/014.png,0.32070,0.08182
tile,gray_stroke/015.png,0.31779,0.08165
tile,oil/000.png,0.42895,0.08239
tile,oil/001.png,0.41420,0.08218
tile,oil/002.png,0.41829,0.08216
tile,oil/003.png,0.41488,0.08218
tile,oil/004.png,0.42388,0.08521
tile,oil/005.png,0.42538,0.09546
tile,oil/006.png,0.40676,0.08433
tile,oil/007.png,0.42386,0.08221
tile,oil/008.png,0.42245,0.08232
tile,oil/009.png,0.42327,0.08276
tile,oil/010.png,0.43045,0.08209
tile,oil/011.png,0.42497,0.08239
tile,oil/012.png,0.41929,0.08235
tile,oil/013.png,0.40713,0.08800
tile,oil/014.png,0.42760,0.11816
tile,oil/015.png,0.41107,0.10601
tile,oil/016.png,0.41053,0.10596
tile,oil/017.png,0.43854,0.08237
tile,rough/000.png,0.36031,0.08233
tile,rough/001.png,0.37537,0.08254
tile,rough/002.png,0.37883,0.08190
tile,rough/003.png,0.36074,0.08239
tile,rough/004.png,0.34809,0.08253
tile,rough/005.png,0.35365,0.08215
tile,rough/006.png,0.31756,0.08385
tile,rough/007.png,0.33123,0.08671
tile,rough/008.png,0.33939,0.08997
tile,rough/009.png,0.35968,0.08470
tile,rough/010.png,0.34666,0.08280
tile,rough/011.png,0.38721,0.08299
tile,rough/012.png,0.32030,0.08279
tile,rough/013.png,0.40412,0.08401
tile,rough/014.png,0.33202,0.08422
toothbrush,defective/000.png,0.35941,0.09685
toothbrush,defective/001.png,0.32968,0.10124
toothbrush,defective/002.png,0.38032,0.12116
toothbrush,defective/003.png,0.34569,0.09881
toothbrush,defective/004.png,0.38285,0.09648
toothbrush,defective/005.png,0.36460,0.09600
toothbrush,defective/006.png,0.33710,0.09586
toothbrush,defective/007.png,0.35904,0.09583
toothbrush,defective/008.png,0.35571,0.09585
toothbrush,defective/009.png,0.36673,0.09639
toothbrush,defective/010.png,0.37671,0.09551
toothbrush,defective/011.png,0.38783,0.09519
toothbrush,defective/012.png,0.36750,0.09508
toothbrush,defective/013.png,0.36466,0.09481
toothbrush,defective/014.png,0.38966,0.09526
toothbrush,defective/015.png,0.39948,0.09536
toothbrush,defective/016.png,0.36513,0.09523
toothbrush,defective/017.png,0.39307,0.09533
toothbrush,defective/018.png,0.34289,0.09552
toothbrush,defective/019.png,0.37338,0.09472
toothbrush,defective/020.png,0.38049,0.09511
toothbrush,defective/021.png,0.35598,0.09527
toothbrush,defective/022.png,0.37504,0.09648
toothbrush,defective/023.png,0.36125,0.09685
toothbrush,defective/024.png,0.37231,0.09580
toothbrush,defective/025.png,0.38439,0.09550
toothbrush,defective/026.png,0.36852,0.09568
toothbrush,defective/027.png,0.36588,0.11209
toothbrush,defective/028.png,0.36368,0.09578
toothbrush,defective/029.png,0.40651,0.09566
toothbrush,good/000.png,0.29917,0.09635
toothbrush,good/001.png,0.29804,0.09609
toothbrush,good/002.png,0.31307,0.09644
toothbrush,good/003.png,0.30894,0.09634
toothbrush,good/004.png,0.31963,0.09608
toothbrush,good/005.png,0.32542,0.09556
toothbrush,good/006.png,0.33076,0.09554
toothbrush,good/007.png,0.34020,0.09591
toothbrush,good/008.png,0.33177,0.09536
toothbrush,good/009.png,0.32458,0.09640
toothbrush,good/010.png,0.32932,0.09554
toothbrush,good/011.png,0.32703,0.09545
transistor,bent_lead/000.png,0.29830,0.10712
transistor,bent_lead/001.png,0.32673,0.09800
transistor,bent_lead/002.png,0.30314,0.09801
transistor,bent_lead/003.png,0.31759,0.09852
transistor,bent_lead/004.png,0.29108,0.09849
transistor,bent_lead/005.png,0.33281,0.09884
transistor,bent_lead/006.png,0.31313,0.09755
transistor,bent_lead/007.png,0.32698,0.09899
transistor,bent_lead/008.png,0.34777,0.09842
transistor,bent_lead/009.png,0.28956,0.09871
transistor,cut_lead/000.png,0.31108,0.09804
transistor,cut_lead/001.png,0.31306,0.09833
transistor,cut_lead/002.png,0.31290,0.10813
transistor,cut_lead/003.png,0.29983,0.16465
transistor,cut_lead/004.png,0.31219,0.10049
transistor,cut_lead/005.png,0.31383,0.09853
transistor,cut_lead/006.png,0.29460,0.09816
transistor,cut_lead/007.png,0.30794,0.09781
transistor,cut_lead/008.png,0.30437,0.09892
transistor,cut_lead/009.png,0.33368,0.09814
transistor,damaged_case/000.png,0.35745,0.09890
transistor,damaged_case/001.png,0.38291,0.09862
transistor,damaged_case/002.png,0.31421,0.09844
transistor,damaged_case/003.png,0.33037,0.09772
transistor,damaged_case/004.png,0.38002,0.09808
transistor,damaged_case/005.png,0.36531,0.09877
transistor,damaged_case/006.png,0.35254,0.09922
transistor,damaged_case/007.png,0.37910,0.09851
transistor,damaged_case/008.png,0.36695,0.09835
transistor,damaged_case/009.png,0.37596,0.09907
transistor,good/000.png,0.28840,0.09890
transistor,good/001.png,0.28441,0.09856
transistor,good/002.png,0.32533,0.09834
transistor,good/003.png,0.30837,0.09893
transistor,good/004.png,0.29792,0.09896
transistor,good/005.png,0.29547,0.10108
transistor,good/006.png,0.31329,0.09939
transistor,good/007.png,0.30664,0.09825
transistor,good/008.png,0.29572,0.09861
transistor,good/009.png,0.28226,0.09888
transistor,good/010.png,0.28945,0.09953
transistor,good/011.png,0.29558,0.09865
transistor,good/012.png,0.30195,0.09885
transistor,good/013.png,0.29674,0.09815
transistor,good/014.png,0.33643,0.09804
transistor,good/015.png,0.30476,0.09921
transistor,good/016.png,0.28864,0.09883
transistor,good/017.png,0.29553,0.09942
transistor,good/018.png,0.29400,0.09828
transistor,good/019.png,0.28567,0.09848
transistor,good/020.png,0.29680,0.09780
transistor,good/021.png,0.30867,0.09887
transistor,good/022.png,0.29942,0.09783
transistor,good/023.png,0.28726,0.09903
transistor,good/024.png,0.30857,0.09889
transistor,good/025.png,0.29110,0.09839
transistor,good/026.png,0.31935,0.09860
transistor,good/027.png,0.28878,0.09856
transistor,good/028.png,0.29325,0.09749
transistor,good/029.png,0.30462,0.09744
transistor,good/030.png,0.28916,0.09916
transistor,good/031.png,0.35233,0.09907
transistor,good/032.png,0.29713,0.09822
transistor,good/033.png,0.29679,0.09861
transistor,good/034.png,0.28397,0.09765
transistor,good/035.png,0.31381,0.09790
transistor,good/036.png,0.31757,0.09875
transistor,good/037.png,0.31500,0.09943
transistor,good/038.png,0.29771,0.09894
transistor,good/039.png,0.30273,0.09847
transistor,good/040.png,0.29919,0.09823
transistor,good/041.png,0.30212,0.09797
transistor,good/042.png,0.29989,0.09795
transistor,good/043.png,0.29381,0.09841
transistor,good/044.png,0.29394,0.09881
transistor,good/045.png,0.29864,0.09869
transistor,good/046.png,0.29782,0.09865
transistor,good/047.png,0.29427,0.09807
transistor,good/048.png,0.28512,0.09822
transistor,good/049.png,0.29570,0.09845
transistor,good/050.png,0.28605,0.09910
transistor,good/051.png,0.29011,0.09853
transistor,good/052.png,0.30581,0.09833
transistor,good/053.png,0.33430,0.09829
transistor,good/054.png,0.31317,0.09840
transistor,good/055.png,0.30525,0.09840
transistor,good/056.png,0.29371,0.09807
transistor,good/057.png,0.30445,0.09892
transistor,good/058.png,0.29822,0.09886
transistor,good/059.png,0.29191,0.09867
transistor,misplaced/000.png,0.33675,0.09897
transistor,misplaced/001.png,0.34410,0.09882
transistor,misplaced/002.png,0.31682,0.09741
transistor,misplaced/003.png,0.31225,0.09788
transistor,misplaced/004.png,0.33957,0.09923
transistor,misplaced/005.png,0.31654,0.09832
transistor,misplaced/006.png,0.33776,0.09916
transistor,misplaced/007.png,0.39199,0.09097
transistor,misplaced/008.png,0.34489,0.09371
transistor,misplaced/009.png,0.31645,0.09730
wood,color/000.png,0.38880,0.10065
wood,color/001.png,0.39193,0.09926
wood,color/002.png,0.35661,0.09966
wood,color/003.png,0.40698,0.09989
wood,color/004.png,0.39096,0.09909
wood,color/005.png,0.35635,0.09918
wood,color/006.png,0.39459,0.09938
wood,color/007.png,0.37151,0.09935
wood,combined/000.png,0.39505,0.10060
wood,combined/001.png,0.38712,0.10042
wood,combined/002.png,0.35687,0.09993
wood,combined/003.png,0.40817,0.10075
wood,combined/004.png,0.37511,0.10207
wood,combined/005.png,0.39342,0.09897
wood,combined/006.png,0.37003,0.10021
wood,combined/007.png,0.38672,0.09903
wood,combined/008.png,0.41158,0.09957
wood,combined/009.png,0.35273,0.09902
wood,combined/010.png,0.38206,0.10039
wood,good/000.png,0.29971,0.10013
wood,good/001.png,0.28158,0.09987
wood,good/002.png,0.28219,0.09947
wood,good/003.png,0.28188,0.10071
wood,good/004.png,0.28304,0.09914
wood,good/005.png,0.27249,0.09920
wood,good/006.png,0.28024,0.09976
wood,good/007.png,0.33589,0.10107
wood,good/008.png,0.30108,0.10105
wood,good/009.png,0.31290,0.10083
wood,good/010.png,0.31365,0.10103
wood,good/011.png,0.30881,0.10082
wood,good/012.png,0.31183,0.10034
wood,good/013.png,0.30521,0.10079
wood,good/014.png,0.28426,0.10028
wood,good/015.png,0.28469,0.10017
wood,good/016.png,0.29312,0.09981
wood,good/017.png,0.29087,0.09978
wood,good/018.png,0.30027,0.09970
wood,hole/000.png,0.37431,0.09948
wood,hole/001.png,0.38048,0.10080
wood,hole/002.png,0.36743,0.09983
wood,hole/003.png,0.35283,0.09915
wood,hole/004.png,0.36032,0.09990
wood,hole/005.png,0.36179,0.09965
wood,hole/006.png,0.33913,0.09839
wood,hole/007.png,0.36348,0.09895
wood,hole/008.png,0.34968,0.09905
wood,hole/009.png,0.35547,0.09953
wood,liquid/000.png,0.39898,0.10073
wood,liquid/001.png,0.35876,0.10088
wood,liquid/002.png,0.41048,0.10049
wood,liquid/003.png,0.39348,0.09884
wood,liquid/004.png,0.39400,0.09905
wood,liquid/005.png,0.42601,0.09972
wood,liquid/006.png,0.40455,0.10006
wood,liquid/007.png,0.41960,0.10042
wood,liquid/008.png,0.40174,0.10010
wood,liquid/009.png,0.41287,0.10035
wood,scratch/000.png,0.39579,0.10012
wood,scratch/001.png,0.35338,0.09955
wood,scratch/002.png,0.39479,0.10019
wood,scratch/003.png,0.37203,0.09986
wood,scratch/004.png,0.38429,0.09891
wood,scratch/005.png,0.41369,0.10012
wood,scratch/006.png,0.32091,0.10089
wood,scratch/007.png,0.39620,0.10039
wood,scratch/008.png,0.39126,0.10377
wood,scratch/009.png,0.38284,0.10053
wood,scratch/010.png,0.36265,0.09988
wood,scratch/011.png,0.39633,0.09890
wood,scratch/012.png,0.42036,0.21535
wood,scratch/013.png,0.35701,0.11030
wood,scratch/014.png,0.39135,0.10241
wood,scratch/015.png,0.38142,0.10037
wood,scratch/016.png,0.34876,0.10079
wood,scratch/017.png,0.40334,0.09939
wood,scratch/018.png,0.38989,0.10012
wood,scratch/019.png,0.37086,0.09902
wood,scratch/020.png,0.38587,0.09907
zipper,broken_teeth/000.png,0.28587,0.07958
zipper,broken_teeth/001.png,0.32941,0.07203
zipper,broken_teeth/002.png,0.28790,0.07149
zipper,broken_teeth/003.png,0.37720,0.07160
zipper,broken_teeth/004.png,0.36234,0.07170
zipper,broken_teeth/005.png,0.32717,0.07183
zipper,broken_teeth/006.png,0.36894,0.07163
zipper,broken_teeth/007.png,0.37863,0.07284
zipper,broken_teeth/008.png,0.29739,0.07518
zipper,broken_teeth/009.png,0.28321,0.07763
zipper,broken_teeth/010.png,0.35005,0.07144
zipper,broken_teeth/011.png,0.33670,0.07170
zipper,broken_teeth/012.png,0.33266,0.07258
zipper,broken_teeth/013.png,0.35875,0.07141
zipper,broken_teeth/014.png,0.31867,0.07163
zipper,broken_teeth/015.png,0.28740,0.07144
zipper,broken_teeth/016.png,0.28786,0.07124
zipper,broken_teeth/017.png,0.36933,0.07619
zipper,broken_teeth/018.png,0.37000,0.07173
zipper,combined/000.png,0.32255,0.07352
zipper,combined/001.png,0.30810,0.07210
zipper,combined/002.png,0.26779,0.07144
zipper,combined/003.png,0.37115,0.07191
zipper,combined/004.png,0.38281,0.07160
zipper,combined/005.png,0.34444,0.07194
zipper,combined/006.png,0.39573,0.07576
zipper,combined/007.png,0.32651,0.07165
zipper,combined/008.png,0.36016,0.07136
zipper,combined/009.png,0.34239,0.07147
zipper,combined/010.png,0.37812,0.07212
zipper,combined/011.png,0.39292,0.07216
zipper,combined/012.png,0.39420,0.07188
zipper,combined/013.png,0.38552,0.07211
zipper,combined/014.png,0.35818,0.07192
zipper,combined/015.png,0.37790,0.07167
zipper,fabric_border/000.png,0.38135,0.07260
zipper,fabric_border/001.png,0.39213,0.07148
zipper,fabric_border/002.png,0.34259,0.07604
zipper,fabric_border/003.png,0.40054,0.07136
zipper,fabric_border/004.png,0.37936,0.07413
zipper,fabric_border/005.png,0.38901,0.07378
zipper,fabric_border/006.png,0.38585,0.08130
zipper,fabric_border/007.png,0.38038,0.07546
zipper,fabric_border/008.png,0.37246,0.07297
zipper,fabric_border/009.png,0.38087,0.07312
zipper,fabric_border/010.png,0.41361,0.07170
zipper,fabric_border/011.png,0.37364,0.07190
zipper,fabric_border/012.png,0.39821,0.07361
zipper,fabric_border/013.png,0.39310,0.07253
zipper,fabric_border/014.png,0.36050,0.07278
zipper,fabric_border/015.png,0.37845,0.07136
zipper,fabric_border/016.png,0.37708,0.07146
zipper,fabric_interior/000.png,0.36559,0.07148
zipper,fabric_interior/001.png,0.39485,0.07215
zipper,fabric_interior/002.png,0.35963,0.07172
zipper,fabric_interior/003.png,0.37714,0.07182
zipper,fabric_interior/004.png,0.36613,0.07135
zipper,fabric_interior/005.png,0.38258,0.07171
zipper,fabric_interior/006.png,0.38743,0.07174
zipper,fabric_interior/007.png,0.28827,0.07176
zipper,fabric_interior/008.png,0.41733,0.07335
zipper,fabric_interior/009.png,0.36377,0.07113
zipper,fabric_interior/010.png,0.36255,0.07150
zipper,fabric_interior/011.png,0.39011,0.07168
zipper,fabric_interior/012.png,0.34340,0.07153
zipper,fabric_interior/013.png,0.36103,0.07205
zipper,fabric_interior/014.png,0.36195,0.07114
zipper,fabric_interior/015.png,0.36247,0.07179
zipper,good/000.png,0.25247,0.07116
zipper,good/001.png,0.25162,0.07181
zipper,good/002.png,0.26125,0.07141
zipper,good/003.png,0.26315,0.07136
zipper,good/004.png,0.25348,0.07186
zipper,good/005.png,0.25157,0.07173
zipper,good/006.png,0.25205,0.07181
zipper,good/007.png,0.24790,0.07171
zipper,good/008.png,0.24464,0.07339
zipper,good/009.png,0.24605,0.07544
zipper,good/010.png,0.24366,0.07232
zipper,good/011.png,0.25033,0.07229
zipper,good/012.png,0.27140,0.07395
zipper,good/013.png,0.26463,0.07195
zipper,good/014.png,0.25798,0.07176
zipper,good/015.png,0.25257,0.08367
zipper,good/016.png,0.25942,0.07205
zipper,good/017.png,0.25327,0.07182
zipper,good/018.png,0.25379,0.07181
zipper,good/019.png,0.25600,0.07180
zipper,good/020.png,0.25702,0.07185
zipper,good/021.png,0.26536,0.07174
zipper,good/022.png,0.26479,0.07169
zipper,good/023.png,0.25624,0.08021
zipper,good/024.png,0.25081,0.08837
zipper,good/025.png,0.24545,0.07245
zipper,good/026.png,0.28310,0.07243
zipper,good/027.png,0.27885,0.07172
zipper,good/028.png,0.25479,0.07167
zipper,good/029.png,0.26248,0.08654
zipper,good/030.png,0.24765,0.08456
zipper,good/031.png,0.25060,0.07193
zipper,rough/000.png,0.34131,0.08413
zipper,rough/001.png,0.35093,0.07210
zipper,rough/002.png,0.34771,0.07246
zipper,rough/003.png,0.35487,0.07181
zipper,rough/004.png,0.33339,0.07246
zipper,rough/005.png,0.32967,0.07302
zipper,rough/006.png,0.34433,0.07397
zipper,rough/007.png,0.29637,0.14762
zipper,rough/008.png,0.31919,0.07257
zipper,rough/009.png,0.30792,0.07439
zipper,rough/010.png,0.35798,0.07324
zipper,rough/011.png,0.35283,0.07163
zipper,rough/012.png,0.33337,0.07179
zipper,rough/013.png,0.32816,0.07197
zipper,rough/014.png,0.33075,0.07147
zipper,rough/015.png,0.38514,0.07143
zipper,rough/016.png,0.34959,0.07184
zipper,split_teeth/000.png,0.28368,0.07156
zipper,split_teeth/001.png,0.30039,0.07176
zipper,split_teeth/002.png,0.30485,0.07137
zipper,split_teeth/003.png,0.29728,0.07144
zipper,split_teeth/004.png,0.30854,0.07178
zipper,split_teeth/005.png,0.29473,0.07139
zipper,split_teeth/006.png,0.28074,0.07149
zipper,split_teeth/007.png,0.32067,0.07151
zipper,split_teeth/008.png,0.28042,0.07175
zipper,split_teeth/009.png,0.31142,0.07151
zipper,split_teeth/010.png,0.30169,0.07144
zipper,split_teeth/011.png,0.30087,0.07159
zipper,split_teeth/012.png,0.32768,0.07177
zipper,split_teeth/013.png,0.28250,0.07129
zipper,split_teeth/014.png,0.32552,0.07170
zipper,split_teeth/015.png,0.35756,0.07136
zipper,split_teeth/016.png,0.32871,0.07196
zipper,split_teeth/017.png,0.32118,0.07115
zipper,squeezed_teeth/000.png,0.30638,0.07205
zipper,squeezed_teeth/001.png,0.28437,0.07188
zipper,squeezed_teeth/002.png,0.29900,0.07180
zipper,squeezed_teeth/003.png,0.29647,0.07194
zipper,squeezed_teeth/004.png,0.27468,0.07196
zipper,squeezed_teeth/005.png,0.26031,0.07179
zipper,squeezed_teeth/006.png,0.29663,0.07202
zipper,squeezed_teeth/007.png,0.26688,0.07152
zipper,squeezed_teeth/008.png,0.25484,0.07165
zipper,squeezed_teeth/009.png,0.28569,0.07167
zipper,squeezed_teeth/010.png,0.30100,0.07204
zipper,squeezed_teeth/011.png,0.29580,0.07173
zipper,squeezed_teeth/012.png,0.27643,0.07189
zipper,squeezed_teeth/013.png,0.29255,0.07162
zipper,squeezed_teeth/014.png,0.33332,0.07152
zipper,squeezed_teeth/015.png,0.31451,0.07169
